日期,编号,持有股票,持有股票代码
2026-07-03,369,巨星科技|视源股份|科新机电|溯联股份|川仪股份,002444.XSHE|002841.XSHE|300092.XSHE|301397.XSHE|603100.XSHG
2026-07-11,370,巨星科技|视源股份|科新机电|溯联股份|川仪股份,002444.XSHE|002841.XSHE|300092.XSHE|301397.XSHE|603100.XSHG
2026-07-18,371,巨星科技|视源股份|科新机电|溯联股份|川仪股份,002444.XSHE|002841.XSHE|300092.XSHE|301397.XSHE|603100.XSHG
2026-07-25,372,巨星科技|视源股份|科新机电|溯联股份|川仪股份,002444.XSHE|002841.XSHE|300092.XSHE|301397.XSHE|603100.XSHG
2026-08-01,373,巨星科技|视源股份|科新机电|溯联股份|川仪股份,002444.XSHE|002841.XSHE|300092.XSHE|301397.XSHE|603100.XSHG
2026-08-08,374,巨星科技|视源股份|科新机电|溯联股份|川仪股份,002444.XSHE|002841.XSHE|300092.XSHE|301397.XSHE|603100.XSHG
2026-08-15,375,巨星科技|视源股份|科新机电|溯联股份|川仪股份,002444.XSHE|002841.XSHE|300092.XSHE|301397.XSHE|603100.XSHG
2026-08-23,376,巨星科技|视源股份|科新机电|溯联股份|川仪股份,002444.XSHE|002841.XSHE|300092.XSHE|301397.XSHE|603100.XSHG
2026-08-29,377,巨星科技|视源股份|科新机电|溯联股份|川仪股份,002444.XSHE|002841.XSHE|300092.XSHE|301397.XSHE|603100.XSHG
2026-09-05,378,巨星科技|视源股份|科新机电|溯联股份|川仪股份,002444.XSHE|002841.XSHE|300092.XSHE|301397.XSHE|603100.XSHG
2026-09-12,379,巨星科技|视源股份|科新机电|溯联股份|川仪股份,002444.XSHE|002841.XSHE|300092.XSHE|301397.XSHE|603100.XSHG
2026-09-19,380,巨星科技|视源股份|科新机电|溯联股份|川仪股份,002444.XSHE|002841.XSHE|300092.XSHE|301397.XSHE|603100.XSHG
2026-09-25,381,巨星科技|视源股份|科新机电|溯联股份|川仪股份,002444.XSHE|002841.XSHE|300092.XSHE|301397.XSHE|603100.XSHG
